customer_id,customer_name,order_id,order_date,shipment_date,product_id,product_description,quantity,unit_price
1GQD01,G.Q. DEFENCE - MANUFACTURING,1065,24/01/2014,31/01/2014,486009,"THREAD, NYLON - NATURAL",1,1000.00
1GQD01,G.Q. DEFENCE - MANUFACTURING,1068,29/01/2014,29/01/2014,FG-002,FG-002,1,1000.00
1GQD01,G.Q. DEFENCE - MANUFACTURING,1156,08/05/2014,08/05/2014,FG-002,FG-002,2,1000.00
1GQD01,G.Q. DEFENCE - MANUFACTURING,1206,27/05/2014,26/06/2014,SF-001,SF-001,100,300.00
1GQD02,AIRBORNE SYSTEMS LTD,1003,15/01/2014,28/08/2014,1006,L/RAFT SL31 Mk5D,2,100.00
1GQD02,AIRBORNE SYSTEMS LTD,1014,15/01/2014,14/02/2014,1032,SINGLE SEAT L/R STOWAGE LRU23P,1,1000.00
1GQD02,AIRBORNE SYSTEMS LTD,1120,06/03/2014,13/03/2014,40880001,BRACKET MOUNTING,5,238.06
1GQD02,AIRBORNE SYSTEMS LTD,1121,01/02/2014,10/03/2014,1008,L/RAFT SL30 Mk3 FINNISH A/FRCE,2,3000.00
1GQD02,AIRBORNE SYSTEMS LTD,1122,31/03/2014,10/04/2014,1008,L/RAFT SL30 Mk3 FINNISH A/FRCE,3,3000.00
1GQD02,AIRBORNE SYSTEMS LTD,1239,15/01/2014,28/08/2014,1006,L/RAFT SL31 Mk5D,1,100.00
1GQD02,AIRBORNE SYSTEMS LTD,1239,15/01/2014,28/08/2014,FREIGHT,Freight,1,250.00
1RFD01,SURVITEC DUNMURRY,1063,21/01/2014,30/05/2014,1011,L/RAFT LRU23P c/w BELLOW,5,600.00
1RFD01,SURVITEC DUNMURRY,1064,21/01/2014,27/02/2014,8335,SURVIVA  6TO/ 4/A/1/18/SoLaS,5,1435.00
1RFD01,SURVITEC DUNMURRY,1064,21/01/2014,27/02/2014,33087,AEROLITE 4F VAL153 FAR91,1,500.00
1RFD01,SURVITEC DUNMURRY,1086,11/02/2014,19/02/2014,1009,L/RAFT SL30 Mk2 (Packed),1,800.00
1RFD01,SURVITEC DUNMURRY,1247,10/07/2014,15/07/2014,18717,"CONTAINER MK15 SZ.6 ""A&B"" GREY",1,900.00
1RFD02,R.F.D. LIMITED,1079,31/01/2014,31/01/2014,RM-003,RM-003,1,160.00
1RFD03,RFD LTD,1140,09/04/2014,09/04/2014,SF-001,SF-001,1,300.00
2BAL01,BALLONFABRIK SEE-UND,1180,22/05/2014,22/05/2014,1006,L/RAFT SL31 Mk5D,1,2090.00
2BAL01,BALLONFABRIK SEE-UND,1030,15/01/2014,15/01/2014,1012,L/RAFT SS Mk15 Martin BakerCoC,1,13.33
2BAL01,BALLONFABRIK SEE-UND,1072,31/01/2014,04/02/2014,RM-003,RM-003,1,160.00
2BAL01,BALLONFABRIK SEE-UND,1072,31/01/2014,05/02/2014,1015,L/RAFT LRU23P CoC (FA18),1,700.00
2BEA01,RFD BEAUFORT LTD,1013,15/01/2014,27/08/2014,1039,L/RAFT SS Mk15 BAe Sys India,15,250.00
2BEA01,RFD BEAUFORT LTD,1084,06/02/2014,07/02/2014,RM-003,RM-003,1,150.00
2BRE01,W.H.BRENNAN & CO PTE LTD,1026,15/01/2014,30/05/2014,66001,UNIT MEANS OF RESCUE (UK),2,2100.00
2BRE01,W.H.BRENNAN & CO PTE LTD,1033,16/01/2014,07/04/2014,8427,SURVIVA  6TO/ 4/A/3/36/SLS -RR,1,1010.00
2BRE01,W.H.BRENNAN & CO PTE LTD,1036,20/01/2014,07/04/2014,8427,SURVIVA  6TO/ 4/A/3/36/SLS -RR,1,1010.00
2BRE01,W.H.BRENNAN & CO PTE LTD,1041,20/01/2014,06/06/2014,43838002,BAG VACUUM Valise 122 S'Board,5,950.00
2BRE01,W.H.BRENNAN & CO PTE LTD,1041,20/01/2014,06/06/2014,43838001,BAG VACUUM Valise 122 Port,5,350.00
2BRE01,W.H.BRENNAN & CO PTE LTD,1057,20/01/2014,30/05/2014,56014,"FERRYMAN  65/ 9/B/1/18/CoC ""A""",2,2605.00
2BRE01,W.H.BRENNAN & CO PTE LTD,1058,20/01/2014,10/07/2014,13628,SURVIVA 25DL/ 9/A/3/36/SoLaS,6,1350.00
2BRE01,W.H.BRENNAN & CO PTE LTD,1058,20/01/2014,10/07/2014,13628,SURVIVA 25DL/ 9/A/3/36/SoLaS,6,1350.00
2BRE01,W.H.BRENNAN & CO PTE LTD,1058,20/01/2014,08/08/2014,13628,SURVIVA 25DL/ 9/A/3/36/SoLaS,6,1350.00
2BRE01,W.H.BRENNAN & CO PTE LTD,1058,20/01/2014,10/09/2014,13628,SURVIVA 25DL/ 9/A/3/36/SoLaS,6,1350.00
2BRE01,W.H.BRENNAN & CO PTE LTD,1082,04/02/2014,24/04/2014,A4414A,L/JKT DEMONSTRATION MK20,100,36.25
2BRE01,W.H.BRENNAN & CO PTE LTD,1101,28/02/2014,29/05/2014,981001,PAD PROTECTION UPPER (ACR),2,700.00
2BRE01,W.H.BRENNAN & CO PTE LTD,1157,19/05/2014,29/05/2014,13628,SURVIVA 25DL/ 9/A/3/36/SoLaS,5,1300.00
2BRE01,W.H.BRENNAN & CO PTE LTD,1157,19/05/2014,29/05/2014,13628,SURVIVA 25DL/ 9/A/3/36/SoLaS,10,1250.00
2BRE01,W.H.BRENNAN & CO PTE LTD,1177,22/05/2014,27/06/2014,13628,SURVIVA 25DL/ 9/A/3/36/SoLaS,10,1550.00
2BRE01,W.H.BRENNAN & CO PTE LTD,1177,22/05/2014,27/06/2014,1100000321,ESR (SG)  6TO/ 4/A/1/36/SoLaS,5,325.00
2BRE02,W H BRENNAN,1088,26/02/2014,15/05/2014,2217,L/JKT  80MK2E +VALISE    R.M.N,10,1050.00
2BRE02,W H BRENNAN,1089,26/02/2014,08/05/2014,2124,L/JKT 102MK2BA PASS +VALISE BA,100,35.91
2BRE02,W H BRENNAN,1225,29/01/2013,08/05/2015,8427,SURVIVA  6TO/ 4/A/3/36/SLS -RR,1,533.33
2BRE02,W H BRENNAN,1225,29/01/2013,08/05/2015,12590,SURVIVA 20TO/ 9/A/3/36/SLS -RR,2,666.67
2BRE02,W H BRENNAN,1225,29/01/2013,08/05/2015,12576,SURVIVA 20DL/ 9/A/3/36/SoLaS,2,783.33
2BRE03,W.H.BRENNAN,1242,11/06/2014,16/06/2014,13212,SURVIVA 25DL/ 9/A/1/18/DUTCH,10,1000.00
2BRE05,SURVITEC HONG KONG,1137,08/04/2014,13/06/2014,2124,L/JKT 102MK2BA PASS +VALISE BA,200,50.00
2CRE01,SS&D T/A CREWSAVER,1216,29/05/2014,29/05/2014,4181,PACK EMERG H/C 14 W/WATER,3,1450.00
2CRE01,SS&D T/A CREWSAVER,1223,29/05/2014,29/05/2014,4181,PACK EMERG H/C 14 W/WATER,7,1450.00
2CRE01,SS&D T/A CREWSAVER,1223,29/05/2014,29/05/2014,94119,KIT BOWSING CARRIAGE ROPE,1,600.00
2CRE01,SS&D T/A CREWSAVER,1235,30/05/2014,30/05/2014,2891009,GASKET CYL'DER/INFLATOR 849AML,10,1300.00
2DSB01,DEUTSCHE SCHLAUCHBOOT,1056,20/01/2014,29/05/2014,11577,LR07 12DL/14s14/A/ 1/25/SoLaS,1,1842.00
2DSB01,DEUTSCHE SCHLAUCHBOOT,1056,20/01/2014,29/05/2014,41491,LR07 16DL/14s17/A/ 1/25/SoLaS,1,1991.00
2EUR02,EUROVINIL SPA,1092,19/02/2014,19/02/2014,RM-001,RM-001,2,74.67
2INF01,RFD BEAUFORT INC,1042,20/01/2014,30/05/2014,51463001,MARINE MkIV 12DL L/R TRAINING,1,1040.00
2INF01,RFD BEAUFORT INC,1032,16/01/2014,30/05/2014,51463001,MARINE MkIV 12DL L/R TRAINING,1,1040.00
2RFD01,RFD (NEW ZEALAND) LTD,1024,15/01/2014,15/01/2014,1011,L/RAFT LRU23P c/w BELLOW,150,600.00
2RFD01,RFD (NEW ZEALAND) LTD,1102,28/02/2014,19/05/2014,2136,L/JKT 102MK2BA PASS +VAL STD,150,37.50
2RFD01,RFD (NEW ZEALAND) LTD,1102,28/02/2014,19/05/2014,2137,L/JKT 102MK2BA CREW +VALISE  *,50,39.50
2RFD01,RFD (NEW ZEALAND) LTD,1102,28/02/2014,19/05/2014,2143,L/JKT 105MK1 INFANT +VALISE,15,42.00
2RFD02,RFD (AUSTRALIA) PTY. LTD,1174,21/05/2014,20/06/2014,56001,"FERRYMAN  65/ 9/E/1/18/DoT""A""",10,5000.00
2RFD02,RFD (AUSTRALIA) PTY. LTD,1077,31/01/2014,03/02/2014,RM-004,RM-004,1,40.00
2RFD06,RFD WALES,1256,15/09/2015,30/09/2015,TEST 2,Test Item,5,10.00
2RFD09,RFD (NEW ZEALAND) LTD,1107,07/03/2014,20/05/2014,2136,L/JKT 102MK2BA PASS +VAL STD,150,35.00
2RFD09,RFD (NEW ZEALAND) LTD,1107,07/03/2014,20/05/2014,2137,L/JKT 102MK2BA CREW +VALISE  *,50,37.50
2RFD09,RFD (NEW ZEALAND) LTD,1107,07/03/2014,20/05/2014,2143,L/JKT 105MK1 INFANT +VALISE,15,42.00
2RFD10,RFD JAPAN LIMITED,1111,28/02/2014,14/03/2014,41398,SURVIVA 16TO/ 7/A/1/18/SoLaS,5,1200.00
2RFD10,RFD JAPAN LIMITED,1111,28/02/2014,14/03/2014,8335,SURVIVA  6TO/ 4/A/1/18/SoLaS,1,895.00
2SER01,SERVICE ONE ACCOUNT,1134,14/03/2014,14/03/2014,94046,SPARES DRY SERV MES1Apk M-ARK2,2,1250.00
2SER01,SERVICE ONE ACCOUNT,1134,14/03/2014,14/03/2014,94081,SPARES POST-DEP VlseMis M-ARK2,1,1550.00
2SER01,SERVICE ONE ACCOUNT,1134,14/03/2014,14/03/2014,51481001,VALISE PANEL KIT M-ARK2,2,325.00
2SER01,SERVICE ONE ACCOUNT,1134,14/03/2014,14/03/2014,51577011,"BOARD,END ,VALISE,M-ARK MK2",4,1050.00
2SER01,SERVICE ONE ACCOUNT,1134,14/03/2014,14/03/2014,51577012,"BOARD,BASE,VALISE,M-ARK MK2",2,35.91
2SER01,SERVICE ONE ACCOUNT,1134,14/03/2014,14/03/2014,94026,KIT FIRING LINE VALISE M-ARK2,4,533.33
2SER01,SERVICE ONE ACCOUNT,1134,14/03/2014,14/03/2014,60293001,ERS CONTROL BOX ASSY M-ARK2,1,666.67
2SER01,SERVICE ONE ACCOUNT,1134,14/03/2014,14/03/2014,60484002,COVER ASSY.HPS WHT   M-ARK2 SM,2,783.33
2SER01,SERVICE ONE ACCOUNT,1189,23/05/2014,28/05/2014,62099,SPARES DRY SERVICE 430Pers APk,2,1000.00
2SER01,SERVICE ONE ACCOUNT,1189,23/05/2014,28/05/2014,62104,SPARES DRY SERVICE M'ARK/Cont.,10,50.00
2SER01,SERVICE ONE ACCOUNT,1189,23/05/2014,28/05/2014,6729009,POWER UNIT ASSY.MARINE RB2 RFD,17,1450.00
2SER01,SERVICE ONE ACCOUNT,1189,23/05/2014,28/05/2014,10085001,KIT REPAIR OUTFIT c/w BAG (PU),11,1450.00
2SER01,SERVICE ONE ACCOUNT,1189,23/05/2014,28/05/2014,6484009,KIT FIRST AID EEC Dir/DoT,10,600.00
2SER01,SERVICE ONE ACCOUNT,1189,23/05/2014,28/05/2014,6973009,TORCH 4 Year Life c/w Spare -,5,1300.00
2SER01,SERVICE ONE ACCOUNT,1189,23/05/2014,28/05/2014,5163009,SACHET WATER 500ML,400,1842.00
2SER01,SERVICE ONE ACCOUNT,1189,23/05/2014,28/05/2014,6857009,RATIONS L/RAFT 160.046/21/0,400,1991.00
2SER01,SERVICE ONE ACCOUNT,1189,23/05/2014,28/05/2014,6087009,HYDRO RELEASE H20 Sp MOUNTING,4,74.67
2SER01,SERVICE ONE ACCOUNT,1189,23/05/2014,28/05/2014,7068009,WIRE ROPE 10mm x  80m,2,1040.00
2SER01,SERVICE ONE ACCOUNT,1189,23/05/2014,28/05/2014,2136011,WEBBING  25mm TERYL 227kg UDYE,100,1040.00
2SER01,SERVICE ONE ACCOUNT,1189,23/05/2014,28/05/2014,8009009,"CAP SAFETY DK88,DK94,DK99 HEAD",50,600.00
2SER01,SERVICE ONE ACCOUNT,1189,23/05/2014,28/05/2014,4834009,TAPE CLOTH BACKED SA 100mm BLK,150,37.50
2SER01,SERVICE ONE ACCOUNT,1189,23/05/2014,28/05/2014,8009009,"CAP SAFETY DK88,DK94,DK99 HEAD",60,39.50
2SER01,SERVICE ONE ACCOUNT,1189,23/05/2014,28/05/2014,8070009,KIT SERVICE R.O.PUMP (BIOCIDE),7,42.00
2SER01,SERVICE ONE ACCOUNT,1205,27/05/2014,28/05/2014,8220009,PLUG TRANSIT/RECOIL (GIST),48,5000.00
2SER01,SERVICE ONE ACCOUNT,1205,27/05/2014,28/05/2014,8322009,DUST COVER L/F GIST (CYLS<20l),24,40.00
2SER01,SERVICE ONE ACCOUNT,1236,31/07/2013,30/05/2014,94046,SPARES DRY SERV MES1Apk M-ARK2,2,10.00
2SER01,SERVICE ONE ACCOUNT,1236,31/07/2013,30/05/2014,94081,SPARES POST-DEP VlseMis M-ARK2,1,35.00
2SER01,SERVICE ONE ACCOUNT,1236,31/07/2013,30/05/2014,51481001,VALISE PANEL KIT M-ARK2,2,37.50
2SER01,SERVICE ONE ACCOUNT,1236,31/07/2013,30/05/2014,51577011,"BOARD,END ,VALISE,M-ARK MK2",4,42.00
2SER01,SERVICE ONE ACCOUNT,1236,31/07/2013,30/05/2014,51577012,"BOARD,BASE,VALISE,M-ARK MK2",2,1200.00
2SER01,SERVICE ONE ACCOUNT,1236,31/07/2013,30/05/2014,94026,KIT FIRING LINE VALISE M-ARK2,2,895.00
2SER01,SERVICE ONE ACCOUNT,1236,31/07/2013,30/05/2014,5121009,PADDLE ONE-PIECE  815mm,4,1250.00
2SER01,SERVICE ONE ACCOUNT,1236,31/07/2013,30/05/2014,60324001G,VALISE FRAME ASSY GREY  M-ARK2,1,1550.00
2SER01,SERVICE ONE ACCOUNT,1236,31/07/2013,30/05/2014,94018,KIT VALISE FRAME 1 RAFT M-ARK2,1,325.00
2SER01,SERVICE ONE ACCOUNT,1236,31/07/2013,30/05/2014,60319001,LIFTING RESTRAINT ASSY M-ARK2,2,1050.00
2SER01,SERVICE ONE ACCOUNT,1236,31/07/2013,30/05/2014,60490001,POLE MAIN RESTRAINT M-ARK2,2,35.91
2SUR03,SURVITEC SERV. & DISTRIB. LTD,1050,20/01/2014,27/01/2014,4819001,LABEL S/A DATA,100,533.33
2SUR03,SURVITEC SERV. & DISTRIB. LTD,1050,20/01/2014,27/01/2014,8010009,"CABLE RELEASE, DK99 OP.HEAD",20,666.67
2SUR03,SURVITEC SERV. & DISTRIB. LTD,1050,20/01/2014,27/01/2014,8413009,SOLUTION TUBE  70ml A3703,100,783.33
2SUR03,SURVITEC SERV. & DISTRIB. LTD,1050,20/01/2014,27/01/2014,5606009,SEAL STRIP S/A GREY 10x 19mm,200,1000.00
2SUR03,SURVITEC SERV. & DISTRIB. LTD,1050,20/01/2014,27/01/2014,5544009,HOSE  790mm MARINE L/R Infl'on,25,50.00
2SUR03,SURVITEC SERV. & DISTRIB. LTD,1050,20/01/2014,27/01/2014,6719009,HOSE ASSY. 800mm THANNER,15,1450.00
2SUR03,SURVITEC SERV. & DISTRIB. LTD,1050,20/01/2014,27/01/2014,20883001,BLOCK PAINTER RETAINING+Hole,100,1450.00
2SUR03,SURVITEC SERV. & DISTRIB. LTD,1050,20/01/2014,27/01/2014,15384001,"TAPE S/A ""DO NOT REMOVE"" RFD",10,600.00
2SUR03,SURVITEC SERV. & DISTRIB. LTD,1050,20/01/2014,27/01/2014,43858001,CONTAINER ASSY.LIFERAFT IDENT.,40,1300.00
2SUR03,SURVITEC SERV. & DISTRIB. LTD,1050,20/01/2014,27/01/2014,41423001,STRAP & CRIMP 2.1MT D508 RFD,480,1842.00
2SUR03,SURVITEC SERV. & DISTRIB. LTD,1050,20/01/2014,27/01/2014,21360011,"LABEL S/A CONTAINER TYPE ""A""",50,1991.00
2SUR03,SURVITEC SERV. & DISTRIB. LTD,1050,20/01/2014,27/01/2014,41941001,LABEL S/A LOGO FERRYMAN,100,74.67
2SUR03,SURVITEC SERV. & DISTRIB. LTD,1050,20/01/2014,27/01/2014,6231001,LABEL S/A TRADEMARK `RFD',60,1040.00
2SUR03,SURVITEC SERV. & DISTRIB. LTD,1050,20/01/2014,27/01/2014,42951001,KIT S/A LABELS CONT'RS SURVIVA,60,1040.00
2SUR03,SURVITEC SERV. & DISTRIB. LTD,1050,20/01/2014,27/01/2014,50067002,PAD PROTECT INLET CHK VALVE,50,600.00
2SUR03,SURVITEC SERV. & DISTRIB. LTD,1050,20/01/2014,27/01/2014,1999069,COVER PROTECTION D40590,25,37.50
2SUR03,SURVITEC SERV. & DISTRIB. LTD,1050,20/01/2014,27/01/2014,6457009,MEMBRANE ASSY 250bar THANNER,100,39.50
2SUR03,SURVITEC SERV. & DISTRIB. LTD,1050,20/01/2014,27/01/2014,15272021,SACHET-PAINTER 28.0M/1818KG,6,42.00
2SUR03,SURVITEC SERV. & DISTRIB. LTD,1050,20/01/2014,27/01/2014,8280009,LAMP UNIT MARINE EXT. RL5   65,10,5000.00
2SUR03,SURVITEC SERV. & DISTRIB. LTD,1050,20/01/2014,27/01/2014,E99182508,SEAL O-RING 2037 EV,100,40.00
2SUR03,SURVITEC SERV. & DISTRIB. LTD,1050,20/01/2014,27/01/2014,DSB80303360,LOOP HAND COMP. (BAND RELEASE),100,10.00
2SUR03,SURVITEC SERV. & DISTRIB. LTD,1050,20/01/2014,27/01/2014,21362001,STRAP & CRIMP 3.5MT D508 RFD,240,35.00
2SUR03,SURVITEC SERV. & DISTRIB. LTD,1050,20/01/2014,27/01/2014,6257009,CAP SAFETY (THANNER DK88),100,37.50
2SUR03,SURVITEC SERV. & DISTRIB. LTD,1050,20/01/2014,27/01/2014,1174009,TABLET ANTI-SEASICK 60'S,120,42.00
2SUR03,SURVITEC SERV. & DISTRIB. LTD,1050,20/01/2014,27/01/2014,6484009,KIT FIRST AID EEC Dir/DoT,30,1200.00
2SUR03,SURVITEC SERV. & DISTRIB. LTD,1050,20/01/2014,27/01/2014,5310027,CARD LOG MARINE LIFERAFTS,20,895.00
2SUR03,SURVITEC SERV. & DISTRIB. LTD,1050,20/01/2014,27/01/2014,6959009,CORD P'ESTER 2250kg RFD1050(N),600,5000.00
2SUR03,SURVITEC SERV. & DISTRIB. LTD,1050,20/01/2014,27/01/2014,15199001,KIT FIRST AID *EN*,20,40.00
2SUR03,SURVITEC SERV. & DISTRIB. LTD,1050,20/01/2014,27/01/2014,8217009,BREAK STEM SEAL ASSY.(GIST),20,10.00
2SUR03,SURVITEC SERV. & DISTRIB. LTD,1050,20/01/2014,27/01/2014,4694083,COLD DIP TRANSPARENT 5 LTR CAN,1,35.00
2SUR03,SURVITEC SERV. & DISTRIB. LTD,1050,20/01/2014,27/01/2014,4730009,CORD P'ER 300kg 2'ry FIRING L.,200,37.50
2SUR03,SURVITEC SERV. & DISTRIB. LTD,1183,23/05/2014,23/05/2014,99999114,FEE - SERVICE STATION AUDIT,1,42.00
2SUR08,SURVITEC SERV. & DISTRIB. LTD,1045,20/01/2014,30/05/2014,20983041,CRADLE Mk10 Sz 6/7 LESS HRU,6,1200.00
2SUR08,SURVITEC SERV. & DISTRIB. LTD,1045,20/01/2014,30/05/2014,5618009,HYDRO RELEASE 4-100 PERS. MED,6,895.00
2SUR11,SURVITEC BARCELONA,1040,20/01/2014,27/01/2014,1174009,TABLET ANTI-SEASICK 60'S,50,2.70
2SUR11,SURVITEC BARCELONA,1040,20/01/2014,27/01/2014,5720107,BAILER JUG PVC 1 PINT,12,4.70
2SUR11,SURVITEC BARCELONA,1040,20/01/2014,27/01/2014,6484009,KIT FIRST AID EEC Dir/DoT,60,32.16
2SUR11,SURVITEC BARCELONA,1040,20/01/2014,27/01/2014,15199001,KIT FIRST AID *EN*,32,17.42
2SUR11,SURVITEC BARCELONA,1040,20/01/2014,27/01/2014,5606009,SEAL STRIP S/A GREY 10x 19mm,50,3.23
2SUR11,SURVITEC BARCELONA,1040,20/01/2014,27/01/2014,15384001,"TAPE S/A ""DO NOT REMOVE"" RFD",30,15.29
2SUR11,SURVITEC BARCELONA,1040,20/01/2014,27/01/2014,20883001,BLOCK PAINTER RETAINING+Hole,100,3.02
2SUR11,SURVITEC BARCELONA,1040,20/01/2014,27/01/2014,21061001,STRAP & CRIMP 2.5MT D506 H/DUY,144,3.05
2SUR11,SURVITEC BARCELONA,1040,20/01/2014,27/01/2014,21196001,LABEL MAX DROP/PAINTER LENGTH,15,1.62
2SUR11,SURVITEC BARCELONA,1040,20/01/2014,27/01/2014,41952001,LABEL S/A LAUNCH PROC.FERRYMAN,10,4.92
2SUR11,SURVITEC BARCELONA,1040,20/01/2014,27/01/2014,1999069,COVER PROTECTION D40590,15,2.66
2SUR11,SURVITEC BARCELONA,1040,20/01/2014,27/01/2014,6257009,CAP SAFETY (THANNER DK88),20,4.10
2SUR11,SURVITEC BARCELONA,1040,20/01/2014,27/01/2014,4929009,ADHESIVE POLYCHLOROPRENE 1 Ltr,2,18.50
2SUR11,SURVITEC BARCELONA,1040,20/01/2014,27/01/2014,8413009,SOLUTION TUBE  70ml A3703,50,5.08
2SUR11,SURVITEC BARCELONA,1040,20/01/2014,27/01/2014,3820009,FAB RFD 526    ORG 1540 1N1NE,1,10.46
2SUR11,SURVITEC BARCELONA,1040,20/01/2014,27/01/2014,15323121,SACHET ASSY.PAINTER 35M/1818KG,1,144.18
2SUR11,SURVITEC BARCELONA,1040,20/01/2014,27/01/2014,8414009,RING 'O' 7.65ID x 1.78mm SECT,10,0.37
2SUR11,SURVITEC BARCELONA,1040,20/01/2014,27/01/2014,8203009,UNION PUSH-FIT VALVE INLET,4,3.78
2SUR11,SURVITEC BARCELONA,1040,20/01/2014,27/01/2014,DSB00202430,FAB CANOPY 400 ORANGE,1,5.41
2SUR11,SURVITEC BARCELONA,1040,20/01/2014,27/01/2014,DSB00220020,FAB NK 205/2 BLACK 178g/m2,1,19.36
2SUR11,SURVITEC BARCELONA,1040,20/01/2014,27/01/2014,41423001,STRAP & CRIMP 2.1MT D508 RFD,480,2.08
2SUR11,SURVITEC BARCELONA,1040,20/01/2014,27/01/2014,50450001,SLEEVE PROTECTIVE CRIMP,200,0.82
2SUR11,SURVITEC BARCELONA,1040,20/01/2014,27/01/2014,50067002,PAD PROTECT INLET CHK VALVE,10,1.22
2SUR11,SURVITEC BARCELONA,1040,20/01/2014,27/01/2014,8718009,HOSE ASSY. 800mm GIST DBL.RT.L,6,18.98
2SUR11,SURVITEC BARCELONA,1040,20/01/2014,27/01/2014,8255009,HOSE ASSY. 800mm GIST SGL.RT.L,3,19.68
2SUR11,SURVITEC BARCELONA,1040,20/01/2014,27/01/2014,8787009,RING 'O' 13.1ID x 1.6mm SECT,20,2.08
2SUR11,SURVITEC BARCELONA,1040,20/01/2014,27/01/2014,41674001,LABEL CYLINDER IDENTITY S/A,20,0.82
2SUR11,SURVITEC BARCELONA,1040,20/01/2014,27/01/2014,50067003,PAD PROTECT OP.HD. I/BOARD,10,1.22
2SUR11,SURVITEC BARCELONA,1040,20/01/2014,27/01/2014,8719009,UNION PUSH-FIT VALVE CYL. END,10,18.98
2SUR11,SURVITEC BARCELONA,1040,20/01/2014,28/02/2014,E15119020,LABEL S/A DATA SURVITEC,10,1.10
2SUR11,SURVITEC BARCELONA,1040,20/01/2014,27/01/2014,8217009,BREAK STEM SEAL ASSY.(GIST),5,3.05
2SUR11,SURVITEC BARCELONA,1148,29/04/2014,02/05/2014,6913009,LAMP UNIT MARINE EXT. RL4 1500,1,1.62
2SUR11,SURVITEC BARCELONA,1149,29/04/2014,02/05/2014,6913009,LAMP UNIT MARINE EXT. RL4 1500,2,4.92
2SUR11,SURVITEC BARCELONA,1191,29/04/2014,02/05/2014,6913009,LAMP UNIT MARINE EXT. RL4 1500,1,2.66
2SUR12,SURVITEC SERV. & DISTRIB. LTD,1201,26/05/2014,26/05/2014,99999114,FEE - SERVICE STATION AUDIT,1,4.10
2SUR12,SURVITEC SERV. & DISTRIB. LTD,1201,26/05/2014,26/05/2014,99999114,FEE - SERVICE STATION AUDIT,1,4.10
2SUR13,SURVITEC JACKSONVILLE,1150,29/04/2014,30/05/2014,8294,SSP  6TO/3/A/10/18/USA sls,25,1414.11
2SUR13,SURVITEC JACKSONVILLE,1150,29/04/2014,30/05/2014,00007141SA,KIT REVERE  4TO/ 1/*/10/18/USA,15,325.00
2SUR14,SURVITEC GLOBAL SOLUTIONS LTD,1043,20/01/2014,25/04/2014,1100000321,ESR (SG)  6TO/ 4/A/1/36/SoLaS,10,1272.00
2SUR14,SURVITEC GLOBAL SOLUTIONS LTD,1178,22/05/2014,14/06/2014,1100000321,ESR (SG)  6TO/ 4/A/1/36/SoLaS,4,1272.00
3ADA01,ADAMS AVIATION SUPPLY CO. LTD,1090,26/02/2014,27/02/2014,4335,PACK EMERG FAR 135 (EC-175),5,500.00
3ADA01,ADAMS AVIATION SUPPLY CO. LTD,1090,26/02/2014,27/02/2014,00008359SA,SURVIVA  6TO/ 4/A/1/36/SoLaS,4,2000.00
3ADA01,ADAMS AVIATION SUPPLY CO. LTD,1209,28/05/2014,30/05/2014,A346600A00,COT SURVIVAL Mk4,10,325.00
3ADA02,L. ADAMS LTD,1233,29/05/2014,29/05/2014,1010,L/RAFT SL30 Mk4 (Packed),2,2345.00
3ADA02,L. ADAMS LTD,1234,29/05/2014,29/05/2014,1010,L/RAFT SL30 Mk4 (Packed),2,1000.00
3AEM01,AEM LIMITED,1074,31/01/2014,01/02/2014,FG-002,FG-002,1,1000.00
3AER03,AEROSTOCKS LTD,1076,31/01/2014,05/02/2014,RM-002,RM-002,1,2345.00
3AER06,AEROSPHERES UK LTD,1078,31/01/2014,07/02/2014,FG-002,FG-002,2,1000.00
3BRI03,BRITISH AIRWAYS (B>CAL.DIV.,1151,30/04/2014,08/05/2014,1012,L/RAFT SS Mk15 Martin BakerCoC,10,1000.00
3BRI04,BRITISH AIRWAYS PLC,1037,20/01/2014,23/04/2014,A4414A,L/JKT DEMONSTRATION MK20,150,27.45
3BRI04,BRITISH AIRWAYS PLC,1114,10/03/2014,01/04/2014,2124,L/JKT 102MK2BA PASS +VALISE BA,500,32.50
3BRI04,BRITISH AIRWAYS PLC,1211,28/05/2014,27/06/2014,A4414A,L/JKT DEMONSTRATION MK20,10,39.00
3BRI04,BRITISH AIRWAYS PLC,1211,28/05/2014,27/06/2014,2136,L/JKT 102MK2BA PASS +VAL STD,25,39.00
3BRI04,BRITISH AIRWAYS PLC,1211,28/05/2014,27/06/2014,A312305A01RFD,L/JKT Mk20 PASSENGER TT,100,41.50
3BRI04,BRITISH AIRWAYS PLC,1211,28/05/2014,27/06/2014,B1876A,VALISE L/J SEALED PASS (ADULT),100,55.45
3BRI35,BRISTOW HELICOPTERS LTD,1034,16/01/2014,18/02/2014,5804084,CONT. EMERGENCY AIDS A-11031,10,50.52
3CRU01,CRUISE LOCH LOMOND LTD,1081,31/01/2014,03/02/2014,FG-001,FG-001,1,200.00
3DAE01,DAECO LTD,1051,20/01/2014,24/01/2014,6096009,BATTERY SEACELL L8S,50,55.45
3EUR04,EUROCOPTER UK LTD,1012,15/01/2014,25/05/2014,1039,L/RAFT SS Mk15 BAe Sys India,2,250.00
3EUR04,EUROCOPTER UK LTD,1253,20/01/2015,20/03/2015,BT36,SEALIGHT ASSY L/JKTS,1,30.00
3FPT01,FPT INDUSTRIES LTD,1091,19/02/2014,31/07/2014,51287,L/R F14R VAL 124MK2-S CANADA,1,6665.33
3FPT01,FPT INDUSTRIES LTD,1091,19/02/2014,31/07/2014,51286,L/R F14R VAL 124MK2-P CANADA,1,6665.33
3FPT01,FPT INDUSTRIES LTD,1091,19/02/2014,31/07/2014,51281,L/R F14R VAL 124MK2-S FAR-135,1,6665.33
3FPT01,FPT INDUSTRIES LTD,1091,19/02/2014,31/07/2014,51287,L/R F14R VAL 124MK2-S CANADA,4,6665.33
3OCE01,OCEAN AIR LTD,1105,28/02/2014,22/05/2014,08211009R,HEAD OPER'G LEAF'D GIST STD,50,50.00
3SKY01,SKY WHEELS GROUP LTD,1044,20/01/2014,16/06/2014,11164009,SEALIGHT ASSY L/JKTS (TSO C85),22,6.96
3SKY01,SKY WHEELS GROUP LTD,1044,20/01/2014,16/06/2014,B1876A,VALISE L/J SEALED PASS (ADULT),20,10.35
3SKY01,SKY WHEELS GROUP LTD,1044,20/01/2014,16/06/2014,42542001,VALISE L/J Tamper Proof AD/CH,40,8.95
3TEC03,TECHTOOLS (MORDEN) LTD,1048,20/01/2014,01/04/2014,50864001,SURVIVA MK4 12DL L/RAFT MED,1,1090.91
4DAI02,AIRBUS OPERATIONS GMBH,1059,20/01/2014,25/03/2014,A316102A00RFD,L/JKT Mk22 INFANT BKL,2,93.95
4DAI02,AIRBUS OPERATIONS GMBH,1059,20/01/2014,25/03/2014,B1874B,VALISE L/J SEALED INFANT BKL,2,42.50
4DAI02,AIRBUS OPERATIONS GMBH,1168,20/05/2014,02/07/2014,A346600A00,COT SURVIVAL Mk4,8,295.00
4DAI02,AIRBUS OPERATIONS GMBH,1168,20/05/2014,02/07/2014,2260,L/JKT 105MK1 INFANT +VALISEtam,10,26.50
4DAI02,AIRBUS OPERATIONS GMBH,1169,20/05/2014,11/06/2014,2136,L/JKT 102MK2BA PASS +VAL STD,40,35.00
4DAI02,AIRBUS OPERATIONS GMBH,1170,20/05/2014,19/06/2014,2136,L/JKT 102MK2BA PASS +VAL STD,60,42.50
4DAI02,AIRBUS OPERATIONS GMBH,1171,20/05/2014,02/07/2014,2123,L/JKT 102Mk2BA CREW VALTamp BA,75,42.50
4DAI02,AIRBUS OPERATIONS GMBH,1207,20/05/2014,03/07/2014,2123,L/JKT 102Mk2BA CREW VALTamp BA,110,1702.00
4DAI02,AIRBUS OPERATIONS GMBH,1208,20/05/2014,03/07/2014,2123,L/JKT 102Mk2BA CREW VALTamp BA,85,44.00
4DAI02,AIRBUS OPERATIONS GMBH,1208,20/05/2014,03/07/2014,2408,L/JKT 102MK3 AD/CH Faa 10yr,225,12.00
4HEL01,HELI-ONE (NORWAY) AS,1054,20/01/2014,07/02/2014,40184001,BAG VACUUM 76S & 76P,5,22.63
4HEL01,HELI-ONE (NORWAY) AS,1054,20/01/2014,07/02/2014,5850009,SEAL WK37558 (FOR A1 VALVE),2,44.87
4HEL01,HELI-ONE (NORWAY) AS,1054,20/01/2014,07/02/2014,40182001,LINE MOORING SHORT Complete,10,17.28
4HEL01,HELI-ONE (NORWAY) AS,1195,26/05/2014,18/06/2014,41994001,BAG VACUUM SUPER PUMA MK 2,10,12.45
4HEL01,HELI-ONE (NORWAY) AS,1196,26/05/2014,19/06/2014,10085003,KIT REPAIR OUTFIT c/w BAG (NR),20,19.00
4HEL01,HELI-ONE (NORWAY) AS,1197,26/05/2014,12/06/2014,41999002,STRAP CYLINDER RET'ION 610mm,2,18.00
04-Mar-01,MARITA HELLAS SA,1021,15/01/2014,22/05/2014,5502009,CORD P'ESTER 16Plt 10mm RED,300,3.09
04-Mar-01,MARITA HELLAS SA,1021,15/01/2014,22/05/2014,5502009,CORD P'ESTER 16Plt 10mm RED,300,0.40
04-Mar-01,MARITA HELLAS SA,1021,15/01/2014,22/05/2014,20815001,HANDLE 457MM,30,5.44
04-Mar-01,MARITA HELLAS SA,1021,15/01/2014,22/05/2014,43392001,COVER PROTECTION VALVEmarark O,30,0.06
4SMB01,SMBC AVAITION CAPITAL LIMITED,1055,20/01/2014,26/05/2014,A346600A00,COT SURVIVAL Mk4,5,1054.00
4SOD01,SODIP S.A.R.L.,1254,30/01/2015,28/02/2015,1011,L/RAFT LRU23P c/w BELLOW,2,30.00
4SOD01,SODIP S.A.R.L.,1254,30/01/2015,28/02/2015,1009,L/RAFT SL30 Mk2 (Packed),5,89.00
4WIL05,UNITOR SHIPS SERVICE BV,1023,15/01/2014,20/05/2014,94046,SPARES DRY SERV MES1Apk M-ARK2,1,1874.00
6LID01,LIDER,1060,20/01/2014,14/02/2014,51166,L/R F10R Val122P FAR135.167,2,5502.67
6PRI02,PRINCESS CRUISES,1160,20/05/2014,23/05/2014,99999178,MARINARK General Travel Costs,2,1333.33
6PRI02,PRINCESS CRUISES,1160,20/05/2014,23/05/2014,99999197,MARINARK SERVICE DRY 430,2,20013.33
6PRI02,PRINCESS CRUISES,1160,20/05/2014,23/05/2014,99999198,MARINARK SERVICE WET 430,2,20013.33
6PRI02,PRINCESS CRUISES,1160,20/05/2014,23/05/2014,99999203,MARINARK SERVICE 109 O/C,7,2100.00
6PRI02,PRINCESS CRUISES,1160,20/05/2014,23/05/2014,99999177,MARINARK General Engineer Supp,10,33.33
7BOC02,BOC AVIATION (CAYMAN) LIMITED,1173,20/05/2014,08/07/2014,44563001,L/JKT DEMONSTRATION 102Mk3 Bkl,4,20.00
7BOC02,BOC AVIATION (CAYMAN) LIMITED,1173,20/05/2014,08/07/2014,2293,L/JKT 105mk1 INFANT Faa 10yrGE,8,20.80
7BOC02,BOC AVIATION (CAYMAN) LIMITED,1173,20/05/2014,08/07/2014,FREIGHT,Freight,1,4184.00
7CAT01,CATHAY PACIFIC AIRWAYS LTD,1210,28/05/2014,29/05/2014,A346600A00,COT SURVIVAL Mk4,15,325.00
7CAT01,CATHAY PACIFIC AIRWAYS LTD,1215,28/05/2014,05/06/2014,A346600A00,COT SURVIVAL Mk4,15,145.00
7DAE04,DAEWOO SHIPBUILDING AND MARINE,1046,20/01/2014,10/07/2015,8335,SURVIVA  6TO/ 4/A/1/18/SoLaS,4,1010.00
7DAE04,DAEWOO SHIPBUILDING AND MARINE,1046,20/01/2014,10/07/2015,12490,SURVIVA 20TO/ 9/A/1/18/SoLaS,4,1250.00
7DAE04,DAEWOO SHIPBUILDING AND MARINE,1046,20/01/2014,10/07/2015,20983081,CRADLE Mk10 Sz 4 LESS HRU,4,154.00
7DAE04,DAEWOO SHIPBUILDING AND MARINE,1046,20/01/2014,10/07/2015,20983061,CRADLE Mk10 Sz 9 LESS HRU,4,597.00
7DAE04,DAEWOO SHIPBUILDING AND MARINE,1046,20/01/2014,10/07/2015,5618009,HYDRO RELEASE 4-100 PERS. MED,4,64.00
7EMI01,EMIRATES,1108,07/03/2014,29/05/2014,A346600A00,COT SURVIVAL Mk4,10,230.00
7HAN02,HANJIN HEAVY INDUSTRIES,1049,20/01/2014,21/03/2016,8359,SURVIVA  6TO/ 4/A/1/36/SoLaS,1,710.00
7HAN02,HANJIN HEAVY INDUSTRIES,1049,20/01/2014,21/03/2016,13563,SURVIVA 25TO/ 9/A/1/36/SoLaS,2,1170.00
7HAN02,HANJIN HEAVY INDUSTRIES,1049,20/01/2014,21/03/2016,20983081,CRADLE Mk10 Sz 4 LESS HRU,1,145.00
7HAN02,HANJIN HEAVY INDUSTRIES,1049,20/01/2014,21/03/2016,20983061,CRADLE Mk10 Sz 9 LESS HRU,2,647.00
7HAN02,HANJIN HEAVY INDUSTRIES,1049,20/01/2014,21/03/2016,5618009,HYDRO RELEASE 4-100 PERS. MED,2,465.00
7HYU02,HYUNDAI HEAVY INDUSTRIES LTD.,1117,06/03/2014,06/02/2015,8359,SURVIVA  6TO/ 4/A/1/36/SoLaS,1,1000.00
7HYU02,HYUNDAI HEAVY INDUSTRIES LTD.,1117,06/03/2014,06/02/2015,41406,SURVIVA 16TO/ 7/A/1/36/SoLaS,4,1500.00
7HYU02,HYUNDAI HEAVY INDUSTRIES LTD.,1117,06/03/2014,06/02/2015,20983081,CRADLE Mk10 Sz 4 LESS HRU,1,6548.00
7HYU02,HYUNDAI HEAVY INDUSTRIES LTD.,1117,06/03/2014,06/02/2015,5618009,HYDRO RELEASE 4-100 PERS. MED,4,541.00
7SAK01,SAKO TRADING COMPANY,1182,22/05/2014,21/06/2014,8355,SURVIVA  6TO/ 4/A/3/18/SoLaS,5,875.00
7SAK01,SAKO TRADING COMPANY,1182,22/05/2014,21/06/2014,FREIGHT,Freight,1,250.00
7SAK01,SAKO TRADING COMPANY,1213,22/05/2014,20/06/2014,8355,SURVIVA  6TO/ 4/A/3/18/SoLaS,5,548.00
7SMS01,SMS SOLUTION CO.,1228,17/01/2014,31/07/2015,8359,SURVIVA  6TO/ 4/A/1/36/SoLaS,1,600.00
7SMS01,SMS SOLUTION CO.,1228,17/01/2014,31/07/2015,41406,SURVIVA 16TO/ 7/A/1/36/SoLaS,4,850.00
7SMS01,SMS SOLUTION CO.,1228,17/01/2014,31/07/2015,20983081,CRADLE Mk10 Sz 4 LESS HRU,1,142.00
7SMS01,SMS SOLUTION CO.,1228,17/01/2014,31/07/2015,20983041,CRADLE Mk10 Sz 6/7 LESS HRU,4,1547.00
7SMS01,SMS SOLUTION CO.,1228,17/01/2014,31/07/2015,5618009,HYDRO RELEASE 4-100 PERS. MED,4,455.00
7SPP01,SPP SHIPBUILDING CO.,1119,06/03/2014,10/04/2015,8359,SURVIVA  6TO/ 4/A/1/36/SoLaS,1,1000.00
7SPP01,SPP SHIPBUILDING CO.,1119,06/03/2014,10/04/2015,41406,SURVIVA 16TO/ 7/A/1/36/SoLaS,4,1500.00
7SPP01,SPP SHIPBUILDING CO.,1119,06/03/2014,10/04/2015,20983081,CRADLE Mk10 Sz 4 LESS HRU,1,154.00
7SPP01,SPP SHIPBUILDING CO.,1119,06/03/2014,10/04/2015,20983041,CRADLE Mk10 Sz 6/7 LESS HRU,4,597.00
7SPP01,SPP SHIPBUILDING CO.,1119,06/03/2014,10/04/2015,5618009,HYDRO RELEASE 4-100 PERS. MED,4,64.00
7SPP01,SPP SHIPBUILDING CO.,1031,16/01/2014,18/04/2014,20983041,CRADLE Mk10 Sz 6/7 LESS HRU,4,33.33
7SPP01,SPP SHIPBUILDING CO.,1031,16/01/2014,18/04/2014,41406,SURVIVA 16TO/ 7/A/1/36/SoLaS,4,733.33
7SPP01,SPP SHIPBUILDING CO.,1031,16/01/2014,18/04/2014,5618009,HYDRO RELEASE 4-100 PERS. MED,4,20.00
7SPP01,SPP SHIPBUILDING CO.,1031,16/01/2014,18/04/2014,5618009,HYDRO RELEASE 4-100 PERS. MED,4,20.00
7SPP01,SPP SHIPBUILDING CO.,1031,16/01/2014,18/04/2014,20983081,CRADLE Mk10 Sz 4 LESS HRU,1,33.33
7SPP01,SPP SHIPBUILDING CO.,1229,25/02/2014,08/05/2015,41409,SURVIVA 16TO/ 6/B+/1/25/SBG,4,716.67
7SPP01,SPP SHIPBUILDING CO.,1229,25/02/2014,08/05/2015,20983081,CRADLE Mk10 Sz 4 LESS HRU,1,154.00
7SPP01,SPP SHIPBUILDING CO.,1229,25/02/2014,08/05/2015,20983041,CRADLE Mk10 Sz 6/7 LESS HRU,4,597.00
7SPP01,SPP SHIPBUILDING CO.,1229,25/02/2014,08/05/2015,5618009,HYDRO RELEASE 4-100 PERS. MED,4,64.00
7UNI04,GRINDROD MARINE SERVICES -,1052,20/01/2014,24/03/2014,8355,SURVIVA  6TO/ 4/A/3/18/SoLaS,3,1200.00
